{"cameraMode":{"drawMode":0,"name":"Shaded","section":"Shading Mode"},"sceneLighting":false,"audioPlay":false,"sceneViewState":{"m_AlwaysRefresh":false,"showFog":true,"showSkybox":false,"showFlares":true,"showImageEffects":true,"showParticleSystems":true,"showVisualEffectGraphs":true,"m_FxEnabled":true},"in2DMode":false,"pivot":{"x":0.7843242287635803,"y":0.15649795532226563,"z":-0.5792273283004761},"rotation":{"x":-0.00016284632147289813,"y":0.9998419284820557,"z":-0.012308280915021897,"w":-0.013198718428611756},"size":0.7757171988487244,"orthographic":false}